ncessch,guid
A1392003,47ee73f9-953c-4a6a-8dc0-f9991cee9a9d
00032677,f660e884-b869-4931-bfe2-5d735b923759
00084047,4028f603-db8a-49d9-b1a0-336bcc14e55a
A1500197,da9650be-2ec3-460c-a55a-e799cc2d1cfd
A9100705,1ac98236-d546-406f-b15c-26c09eb82a25
A1500426,a6121d82-e0a8-499c-8606-1a38fd4b2de6
BB160347,1427c799-7f9b-4596-a3b5-39c9cce6d954
BB120057,1dc249e7-5990-4050-987e-ffed42d5857c
A0101312,1ac98236-d546-406f-b15c-26c09eb82a25
00081057,77e35bf7-0fce-4bff-8f9c-6e6e5e1fc466
00209068,4d65f7c5-0df3-4668-891d-1fd699830c96
A1500672,e0c70218-3aab-451e-aa4a-7598772625c2
00233181,17048b0b-25c8-4cbc-8fff-080bede5b2e6
A1592031,49e9ab41-f710-45eb-8a4e-56e29de01b77
A1501043,5fa01c03-bc54-44c8-8a5a-cfe6adcba0b5
A0901096,45b567c6-5519-42d7-9b01-9d6fc1153f2b
BB160592,b40ca8d5-9514-4c57-92d5-1a4b484d2bea
BB160964,70540ce8-7021-43d9-b768-532dceb91ea4
00355009,2a8269e4-b53b-495c-a856-167d8d2335b8
00537907,0f1d1493-2ebf-4b7c-9dbd-552fedad3b0d
00603199,64860c23-306a-4580-a647-6012e8c0aacc
A1502026,feb989bf-2f53-403b-abda-4161b0dd2724
A1502315,c56480fe-8585-46e6-b6ef-4a92a0c0ca53
02044443,de69a34e-6b42-497c-b94e-16a8f2ce0b4b
00869149,27f613de-4d79-48f0-a76c-e6b3cd940ae7
00863533,b26146b9-9fbd-41da-92bd-535087d09351
A1502422,13db86c2-ee12-443f-8613-fbab38e4b242
A0701574,0b6413e5-526f-4e06-a210-730a2c296c4e
A1502611,6cee3a4a-18fc-447c-8a71-a0f1c93e9c05
01056675,141ebbfc-268f-4d7f-90d3-23e4a7497c35
A1503539,12f4be3f-d599-482d-83c2-6f9b9bfa8f92
01932349,e5cb5273-d6a7-4090-80b7-36763dde3150
A9703177,6128dfd4-058e-40bf-9e66-4ffca5b8e19c
A1503654,d3698982-ff7b-45af-918e-649f4443dbf9
A1503700,266b8942-ff73-4c2c-b401-92829de205fd
A1303480,ce322603-a017-4c7f-8f06-ddd8d6def458
A1503901,c0b71242-8299-4f13-9cda-00cb34d73c36
01508817,f11eb3e7-e6e9-42c4-a36e-0840ce540134